,Fold,Accuracy,Time,Kappa,F1 Score
0,15.0,0.9749761904761904,7.050608799999994,0.9721779585247512,0.9749509389181216
