,Accuracy,Time,Kappa,Recall,F1 Score
0,0.9731666666666667,17.6049326,0.9701729450824542,0.9731666666666667,0.9731301963173058
