,Accuracy,Time,Kappa,Recall,F1 Score
0,0.9606666666666668,17.4372304,0.956277855365461,0.9606666666666668,0.9605970173202216
