,Accuracy,Time,Kappa,Recall,F1 Score
0,0.970952380952381,17.0050748,0.9677112853143089,0.970952380952381,0.9709019498307381
